Page path and screen class,Views
/games/,38438
/,19585
/games/bit-planes/,8398
/games/adventure-capitalist/,3123
/games/snowrider3d/,2467
/games/slope/,2374
/games/real-geometry-dash/,2307
/games/polytrack/,2231
/games/basket-random/,1581
/games/minecraft/,1564
/games/cookieclicker/,1260
/games/basketball-stars/,1176
/games/ice-dodo/,1047
/games/8ball/,1007
/games/paperio2/,964
/404/,944
/games/rocketleague/,926
/games/2048/,920
/games/amazing-rope-police/,897
/games/burritobison/,803
/games/drift-boss/,779
/games/bitlife/,754
/games/getaway-shootout/,699
/games/1on1soccer/,684
/games/drifthunters/,657
/games/retrobowlcollege/,621
/games/wordle/,580
/games/nutsim/,561
/backup-domains/,533
/games/drivemad/,521
/games/territorial.io/,518
/games/paperio/,469
/games/amongus/,468
/games/subway-surfers/,462
/games/2drocketleague/,459
/games/stickman-hook/,450
/games/sprinter/,421
/settings/,418
/games/bottle-flip-3d/,404
/games/basketbros/,397
/games/deal/,390
/games/fivenightsatepsteins/,387
/games/wallsmash/,383
/games/crossyroad/,380
/games/tron/,378
/games/1v1lol/,377
/games/ngon/,372
/sponsors/,371
/games/9007199254740992/,364
/games/aquapark-slides/,364
/games/avalanche/,364
/games/motox3m/,361
/games/tetra-legends/,351
/games/btd5/,337
/games/ballisticchickens/,332
/games/idlebreakout/,327
/games/bloxorz/,324
/games/btd6/,323
/games/sandtrix/,320
/games/google-snake/,315
/games/gunmayhem2/,313
/games/russiancardriver/,305
/games/happywheels/,302
/games/worlds-hardest-game/,299
/games/zombocalypse/,294
/games/watermelongame/,290
/games/btts/,288
/games/space/,283
/games/tanuki-sunset/,283
/games/win11/,277
/games/boxingphysics2/,275
/games/stickmangolf/,272
/games/doodlejump/,266
/games/theimpossiblequiz/,265
/games/colorswitch/,261
/games/ageofwar/,257
/games/funnyshooter2/,251
/games/ages-of-conflict/,248
/games/tetris/,248
/games/death-run-3d/,247
/games/rooftopsnipers2/,244
/games/csgoclicker/,242
/games/chibiknight/,239
/games/1v1space/,238
/games/draw-the-hill/,238
/games/fancy-solitaire/,234
/games/adventure-drivers/,233
/games/badtimesimulator/,233
/games/holeio/,233
/games/helixjump/,229
/games/motox3m-pool/,226
/games/big-neon-tower/,224
/games/celeste/,223
/games/knifehit/,223
/games/gunmayhem/,221
/games/flappybird/,220
/games/badpiggies/,218
/games/learntofly2/,218
/games/jacksmith/,217
/games/backrooms/,214
/games/tabs/,208
/games/escapingtheprison/,205
/games/60sburgerrun/,204
/games/cookie-clicker/,204
/games/achieveunlocked/,202
/games/awesometanks2/,200
/games/justfalllol/,200
/games/stickslasher/,200
/games/championisland/,198
/games/tinyfishing/,192
/games/fruitninja/,190
/games/getawayshooter/,190
/games/tunnelrush/,190
/games/jetpackjoyride/,189
/games/universal-paperclips/,189
/games/timeshooter3/,184
/games/geometryrash/,182
/games/slope2/,181
/games/big-ice-tower-tiny-square-2/,179
/games/mario/,178
/games/astray/,177
/games/retro-bowl/,176
/games/pacman/,175
/games/supersmashbros/,174
/games/guiltygear/,173
/games/2048-multitask/,171
/games/adrenalinechallenge2/,171
/games/cluster-rush/,171
/games/fluidsim/,171
/games/angry-sharks/,170
/games/black-hole-square/,169
/games/flappyplane/,169
/games/swerve/,168
/games/rooftop-snipers/,167
/games/volley-random/,167
/games/thefinalearth2/,166
/games/vex5/,166
/games/fridaynightfunkin/,163
/games/monkey-mart/,163
/games/doom/,162
/games/circloo/,161
/games/motox3m-spooky/,161
/games/bobtherobber2/,160
/games/bubbleshooter/,160
/games/tube-jumpers/,160
/games/vex7/,160
/games/dadish/,159
/games/sand/,159
/games/pandemic/,158
/games/thisistheonlylevel/,157
/games/snake/,156
/games/bloodtournament/,153
/games/fbwg/,153
/games/run/,153
/games/tu95/,153
/games/amidst-the-clouds/,151
/games/bounce-back/,151
/games/minesweeper/,150
/games/baldis-basics/,149
/games/run3/,149
/games/spankthemonkey/,149
/games/browserkiller/,147
/games/osu/,147
/games/motox3m-winter/,145
/games/soundboard/,145
/games/btd3/,144
/games/littlealchemy/,144
/games/soccer-random/,144
/games/monstertracks/,143
/games/gba/,141
/games/wbwwb/,141
/games/learntoflyidle/,139
/games/superhot/,139
/games/chess/,138
/games/emulatorjs/,138
/games/awesometanks/,137
/games/factoryballs/,137
/games/ducklife6/,136
/games/cubefield/,134
/games/dante/,134
/games/fnaf/,134
/games/learntofly/,133
/games/madalincars/,133
/games/mc-classic/,133
/games/pool/,133
/games/supermario64/,133
/games/ovo/,132
/games/linerider/,130
/games/civiballs/,128
/games/funnyshooter/,126
/games/weavesilk/,126
/games/a-dance-of-fire-and-ice/,125
/games/align-4/,125
/games/chrome-dino/,125
/games/golddiggerfrvr/,125
/games/hexgl/,125
/games/sand-game/,125
/games/candy-crush/,124
/games/cell-machine/,124
/games/hextris/,124
/games/badicecream/,123
/games/dragonballdevolution/,123
/games/tu46/,123
/games/adarkroom/,122
/games/alienhominid/,122
/games/ducklife1/,122
/games/boxing-random/,121
/games/full-screen-mario/,121
/games/pokemon-emerald/,120
/games/pandemic2/,118
/games/xx142-b2.exe/,118
/games/btd/,117
/games/vex/,115
/games/townscaper/,113
/games/subway-surfers-ny/,112
/games/parking-fury/,111
/games/thirtydollarwebsite/,111
/games/stealingthediamond/,110
/games/breakingthebank/,108
/games/bubble-tower-3d/,108
/games/osumania/,108
/games/stickmanclimb/,107
/games/vex3/,107
/games/geometrydash/,106
/games/riddleschool/,106
/games/ctr/,105
/games/craftmine/,104
/games/dogeminer/,104
/games/funnymadracing/,104
/games/skibiditoiletattack/,104
/games/solitaire/,104
/games/stickmanboost/,103
/games/lasthorizon/,102
/games/vex4/,102
/games/infiltratingtheairship/,101
/games/iwbtc/,101
/games/poom/,101
/games/google-solitaire/,100
/games/gunmayhemredux/,100
/games/commodoreclicker/,99
/games/wordlebot/,95
/games/xp/,94
/games/papasfreezeria/,93
/games/skibiditoilet/,92
/games/worldhardestgame2/,91
/games/snow/,89
/games/slope-ball/,88
/games/supersmashflash/,88
/games/skills/,87
/games/stack/,87
/games/flippyfish/,86
/games/sans-fight/,86
/games/vex6/,86
/games/badicecream3/,85
/games/funnyballgame/,85
/games/templerun2/,85
/games/ducklife4/flash/index.html,84
/games/ducklife3/,83
/games/index.html,83
/games/perfect-circle/,83
/games/clickerheroes/,82
/games/ducklife4/,82
/games/friendlyfire/,82
/games/timeshooter1/,82
/games/ducklife5/,80
/games/tunnel-rush/,80
/games/papas-wingeria/,78
/games/ducklife1/unity/index.html,77
/games/game-inside/,77
/games/redball3/,77
/games/hillclimbracing2/,76
/games/pizzatower/,75
/games/mindustry/,74
/games/parking-fury-3-main/,74
/games/minecraft-tower-defence-2/,73
/games/supermeatboy/,73
/games/theimpossiblegame/,73
/games/badicecream2/,72
/games/halloween2016/,72
/games/edgenotfound/,71
/games/fancypantsadventures/,71
/games/fbwg4/,70
/games/flappySquidward/,70
/games/tank-trouble-2/,70
/games/lazyjump3d/,69
/games/sort-the-court/,69
/games/there-is-no-game/,69
/games/burgerandfrights/,67
/games/pokemon-fire/,67
/games/redball4/,66
/games/winter-falling/,65
/games/btd4/,64
/games/offlineparadise/,63
/games/soldier-legend/,63
/games/ctr-tr/,58
/games/riddleschooltransfer/,57
/games/btd2/,55
/games/riddleschool2/,55
/games/riddleschool4/,55
/games/fbwg2/,54
/games/risehigher/,53
/games/achieveunlocked2/,52
/games/fleeingthecomplex/,52
/games/pushback/,52
/games/riddleschool3/,51
/games/ruffle/,51
/games/dadish3/,50
/games/factoryballsforever/,50
/games/ducklife3/unity/index.html,49
/games/icy-purple-head-2/,49
/games/riddleschool5/,49
/games/timeshooter2/,49
/games/thisistheonlylevel2/,48
/legal/cookies/,47
/games/evilglitch/,46
/games/papaspizzeria/,46
/games/scrapmetal3/,46
/games/fnaf2/,45
/games/fancypantsadventures2/,44
/games/fnaf4/,44
/games/riddleschooltransfer2/,44
/games/dadish2/,43
/games/flash/,43
/games/gamemaker/,42
/games/ducklife2/,41
/games/pokemon-leaf/,41
/games/idle-breakout/,39
/games/ctr-holiday/,38
/games//,37
/games/papa-louie-2/,36
/games/run2/,36
/games/ducklife4/unity/index.html,33
/games/civiballs-2/,30
/games/fnaf3/,30
/games/icy-purple-head-3/,30
/games/ducklife3/flash/index.html,29
/games/papa-louie-3/,28
/games/vex2/,28
/games/lowsadventures2/,27
/games/papasburgeria/,27
/games/ducklife1/flash/index.html,26
/games/ducklife2/flash/index.html,26
/games/parking-fury-2/,26
/games/fbwg3/,25
/games/ducklife2/unity/index.html,24
/legal/privacy-policy/,24
/legal/about/,23
/games/chrome-dino/index.html,22
/games/redball4vol3/,19
/legal/contact/,19
/legal/terms-and-conditions/,14
/darby/,11
/games/dino/,9
/games/redball4vol2/,8
/legal/,8
/games/polytrack/index.html,7
/legal/d203/,7
/games/basket-bros/,5
/games/doodle-jump/,5
/games/emulators/,5
/games/ducklife5/flash/index.html,3
/games/madalin-cars-multiplayer/,3
/index.html,3
/games/adofai/,2
/games/wordle/index.html,2
,1
/404/gunmayhem2,1
/games/big-tower-tiny-square/,1
/games/boxingrandom/,1
/games/iwbtc/tas/index.html,1
/games/retro-bowl-exploit,1
/games/retrobowl/,1
/games/slope3/,1
/games/temple-run-2/,1
/games/temple-run-2/index.html,1
/games/worldshardestgame/,1
/ganes,1
/scram/service/https://googledocs1234.github.io/,1
/scram/service/https://googledocs1234.github.io/games/,1